{"cameraMode":{"drawMode":0,"name":"Shaded","section":"Shading Mode"},"sceneLighting":true,"audioPlay":false,"sceneViewState":{"m_AlwaysRefresh":false,"showFog":true,"showSkybox":true,"showFlares":true,"showImageEffects":true,"showParticleSystems":true,"showVisualEffectGraphs":true,"m_FxEnabled":true},"in2DMode":false,"pivot":{"x":203.79896545410157,"y":122.24720001220703,"z":198.7044677734375},"rotation":{"x":0.02609177865087986,"y":-0.011996045708656311,"z":0.0003136967134196311,"w":0.999575674533844},"size":262.30230712890627,"orthographic":false}